{"cameraMode":{"drawMode":0,"name":"Shaded","section":"Shading Mode"},"sceneLighting":true,"audioPlay":false,"sceneViewState":{"m_AlwaysRefresh":false,"showFog":true,"showSkybox":true,"showFlares":true,"showImageEffects":true,"showParticleSystems":true,"showVisualEffectGraphs":true,"m_FxEnabled":true},"in2DMode":false,"pivot":{"x":0.8976451754570007,"y":6.93511962890625,"z":-20.471263885498048},"rotation":{"x":0.14466041326522828,"y":-0.020184023305773736,"z":0.002951498841866851,"w":0.9892723560333252},"size":0.8660253882408142,"orthographic":false}